{"limite_superior": -26.949999999999992, "limite_inferior": -52.150000000000006}